{
  "all_runs": {
    "distinct": [
      [
        0.9399513751667933,
        0.20475524351710364,
        0.5707972956404538,
        0.13140786658852235,
        0.4838530180509643
      ],
      [
        0.9399513751667933,
        0.20475524351710364,
        0.5707972956404538,
        0.13140786658852235,
        0.4838530180509643
      ],
      [
        0.9399513751667933,
        0.20475524351710364,
        0.5707972956404538,
        0.13140786658852235,
        0.4838530180509643
      ],
      [
        0.9399513751667933,
        0.20475524351710364,
        0.5707972956404538,
        0.13140786658852235,
        0.4838530180509643
      ],
      [
        0.9399513751667933,
        0.20475524351710364,
        0.5707972956404538,
        0.13140786658852235,
        0.4838530180509643
      ]
    ],
    "similar": [
      [
        0.5754646804725898,
        0.14217554046994163,
        0.550298902886813,
        0.08297992705067528,
        0.3419478322702571
      ],
      [
        0.5754646804725898,
        0.14217554046994163,
        0.550298902886813,
        0.08297992705067528,
        0.3419478322702571
      ],
      [
        0.5754646804725898,
        0.14217554046994163,
        0.550298902886813,
        0.08297992705067528,
        0.3419478322702571
      ],
      [
        0.5754646804725898,
        0.14217554046994163,
        0.550298902886813,
        0.08297992705067528,
        0.3419478322702571
      ],
      [
        0.5754646804725898,
        0.14217554046994163,
        0.550298902886813,
        0.08297992705067528,
        0.3419478322702571
      ]
    ],
    "more_similar": [
      [
        0.5588672006931528,
        0.13639855111638705,
        0.5357175708420303,
        0.07755156446083518,
        0.33123355260343507
      ],
      [
        0.5588672006931528,
        0.13639855111638705,
        0.5357175708420303,
        0.07755156446083518,
        0.33123355260343507
      ],
      [
        0.5588672006931528,
        0.13639855111638705,
        0.5357175708420303,
        0.07755156446083518,
        0.33123355260343507
      ],
      [
        0.5588672006931528,
        0.13639855111638705,
        0.5357175708420303,
        0.07755156446083518,
        0.33123355260343507
      ],
      [
        0.5588672006931528,
        0.13639855111638705,
        0.5357175708420303,
        0.07755156446083518,
        0.33123355260343507
      ]
    ]
  },
  "statistics": {
    "distinct": {
      "mean": [
        0.9399513751667932,
        0.20475524351710367,
        0.5707972956404538,
        0.13140786658852235,
        0.4838530180509643
      ],
      "cv": [
        1.1811494232115452e-14,
        1.3555489539055652e-14,
        0.0,
        0.0,
        0.0
      ]
    },
    "similar": {
      "mean": [
        0.5754646804725898,
        0.14217554046994163,
        0.550298902886813,
        0.08297992705067528,
        0.3419478322702571
      ],
      "cv": [
        0.0,
        0.0,
        0.0,
        0.0,
        0.0
      ]
    },
    "more_similar": {
      "mean": [
        0.5588672006931528,
        0.13639855111638705,
        0.5357175708420303,
        0.07755156446083518,
        0.33123355260343507
      ],
      "cv": [
        0.0,
        0.0,
        0.0,
        0.0,
        0.0
      ]
    }
  },
  "overall_consistency": {
    "mean": [
      0.6914277521108453,
      0.1611097783678108,
      0.5522712564564324,
      0.0973131193666776,
      0.3856781343082188
    ],
    "average_cv": [
      3.937164744038484e-15,
      4.5184965130185504e-15,
      0.0,
      0.0,
      0.0
    ]
  },
  "dataset_comparison": {
    "Distinct": [
      0.9399513751667932,
      0.20475524351710367,
      0.5707972956404538,
      0.13140786658852235,
      0.4838530180509643
    ],
    "Similar": [
      0.5754646804725898,
      0.14217554046994163,
      0.550298902886813,
      0.08297992705067528,
      0.3419478322702571
    ],
    "More Similar": [
      0.5588672006931528,
      0.13639855111638705,
      0.5357175708420303,
      0.07755156446083518,
      0.33123355260343507
    ]
  },
  "metadata": {
    "n_runs": 5,
    "metrics": {
      "Coherence": "Coherence",
      "Distinctiveness": "Distinctiveness",
      "Diversity": "Diversity",
      "Semantic Integration Score": "Semantic Integration",
      "Overall Score": "Overall Score"
    }
  }
}