{
  "all_runs": {
    "distinct": [
      [
        0.939951374963668,
        0.20475524351710364,
        0.5707972956404538,
        0.13140786658852235,
        0.4838530179900267
      ],
      [
        0.939951374963668,
        0.20475524351710364,
        0.5707972956404538,
        0.13140786658852235,
        0.4838530179900267
      ],
      [
        0.939951374963668,
        0.20475524351710364,
        0.5707972956404538,
        0.13140786658852235,
        0.4838530179900267
      ],
      [
        0.939951374963668,
        0.20475524351710364,
        0.5707972956404538,
        0.13140786658852235,
        0.4838530179900267
      ],
      [
        0.939951374963668,
        0.20475524351710364,
        0.5707972956404538,
        0.13140786658852235,
        0.4838530179900267
      ]
    ],
    "similar": [
      [
        0.5754646825605825,
        0.14217554046994163,
        0.550298902886813,
        0.08297992705067528,
        0.3419478328966549
      ],
      [
        0.5754646825605825,
        0.14217554046994163,
        0.550298902886813,
        0.08297992705067528,
        0.3419478328966549
      ],
      [
        0.5754646825605825,
        0.14217554046994163,
        0.550298902886813,
        0.08297992705067528,
        0.3419478328966549
      ],
      [
        0.5754646825605825,
        0.14217554046994163,
        0.550298902886813,
        0.08297992705067528,
        0.3419478328966549
      ],
      [
        0.5754646825605825,
        0.14217554046994163,
        0.550298902886813,
        0.08297992705067528,
        0.3419478328966549
      ]
    ],
    "more_similar": [
      [
        0.5588672002894841,
        0.13639855111638705,
        0.5357175708420303,
        0.07755156446083518,
        0.33123355248233444
      ],
      [
        0.5588672002894841,
        0.13639855111638705,
        0.5357175708420303,
        0.07755156446083518,
        0.33123355248233444
      ],
      [
        0.5588672002894841,
        0.13639855111638705,
        0.5357175708420303,
        0.07755156446083518,
        0.33123355248233444
      ],
      [
        0.5588672002894841,
        0.13639855111638705,
        0.5357175708420303,
        0.07755156446083518,
        0.33123355248233444
      ],
      [
        0.5588672002894841,
        0.13639855111638705,
        0.5357175708420303,
        0.07755156446083518,
        0.33123355248233444
      ]
    ]
  },
  "statistics": {
    "distinct": {
      "mean": [
        0.9399513749636681,
        0.20475524351710367,
        0.5707972956404538,
        0.13140786658852235,
        0.4838530179900268
      ],
      "cv": [
        1.1811494234667937e-14,
        1.3555489539055652e-14,
        0.0,
        0.0,
        1.147273018195828e-14
      ]
    },
    "similar": {
      "mean": [
        0.5754646825605825,
        0.14217554046994163,
        0.550298902886813,
        0.08297992705067528,
        0.3419478328966549
      ],
      "cv": [
        0.0,
        0.0,
        0.0,
        0.0,
        0.0
      ]
    },
    "more_similar": {
      "mean": [
        0.5588672002894841,
        0.13639855111638705,
        0.5357175708420303,
        0.07755156446083518,
        0.33123355248233444
      ],
      "cv": [
        0.0,
        0.0,
        0.0,
        0.0,
        0.0
      ]
    }
  },
  "overall_consistency": {
    "mean": [
      0.6914277526045782,
      0.1611097783678108,
      0.5522712564564324,
      0.0973131193666776,
      0.3856781344563387
    ],
    "average_cv": [
      3.937164744889313e-15,
      4.5184965130185504e-15,
      0.0,
      0.0,
      3.824243393986094e-15
    ]
  },
  "dataset_comparison": {
    "Distinct": [
      0.9399513749636681,
      0.20475524351710367,
      0.5707972956404538,
      0.13140786658852235,
      0.4838530179900268
    ],
    "Similar": [
      0.5754646825605825,
      0.14217554046994163,
      0.550298902886813,
      0.08297992705067528,
      0.3419478328966549
    ],
    "More Similar": [
      0.5588672002894841,
      0.13639855111638705,
      0.5357175708420303,
      0.07755156446083518,
      0.33123355248233444
    ]
  },
  "metadata": {
    "n_runs": 5,
    "metrics": {
      "Coherence": "Coherence",
      "Distinctiveness": "Distinctiveness",
      "Diversity": "Diversity",
      "Semantic Integration Score": "Semantic Integration",
      "Overall Score": "Overall Score"
    }
  }
}