{
  "method": "DL_Eval",
  "n_runs": 5,
  "datasets": {
    "distinct": {
      "metrics": {
        "Mean": {
          "Coherence": 0.9399513749636681,
          "Distinctiveness": 0.20475524351710367,
          "Diversity": 0.5707972956404538,
          "Semantic Integration": 0.13140786658852235,
          "Overall Score": 0.5983236798381039
        },
        "CV (%)": {
          "Coherence": 1.1811494234667937e-14,
          "Distinctiveness": 1.3555489539055652e-14,
          "Diversity": 0.0,
          "Semantic Integration": 0.0,
          "Overall Score": 0.0
        }
      },
      "coherence_scores": [
        0.939951374963668,
        0.939951374963668,
        0.939951374963668,
        0.939951374963668,
        0.939951374963668
      ],
      "distinctiveness_scores": [
        0.20475524351710364,
        0.20475524351710364,
        0.20475524351710364,
        0.20475524351710364,
        0.20475524351710364
      ],
      "diversity_scores": [
        0.5707972956404538,
        0.5707972956404538,
        0.5707972956404538,
        0.5707972956404538,
        0.5707972956404538
      ],
      "semantic_integration_scores": [
        0.13140786658852235,
        0.13140786658852235,
        0.13140786658852235,
        0.13140786658852235,
        0.13140786658852235
      ],
      "overall_scores": [
        0.5983236798381039,
        0.5983236798381039,
        0.5983236798381039,
        0.5983236798381039,
        0.5983236798381039
      ]
    },
    "similar": {
      "metrics": {
        "Mean": {
          "Coherence": 0.5754646825605825,
          "Distinctiveness": 0.14217554046994163,
          "Diversity": 0.550298902886813,
          "Semantic Integration": 0.08297992705067528,
          "Overall Score": 0.4137118551997073
        },
        "CV (%)": {
          "Coherence": 0.0,
          "Distinctiveness": 0.0,
          "Diversity": 0.0,
          "Semantic Integration": 0.0,
          "Overall Score": 0.0
        }
      },
      "coherence_scores": [
        0.5754646825605825,
        0.5754646825605825,
        0.5754646825605825,
        0.5754646825605825,
        0.5754646825605825
      ],
      "distinctiveness_scores": [
        0.14217554046994163,
        0.14217554046994163,
        0.14217554046994163,
        0.14217554046994163,
        0.14217554046994163
      ],
      "diversity_scores": [
        0.550298902886813,
        0.550298902886813,
        0.550298902886813,
        0.550298902886813,
        0.550298902886813
      ],
      "semantic_integration_scores": [
        0.08297992705067528,
        0.08297992705067528,
        0.08297992705067528,
        0.08297992705067528,
        0.08297992705067528
      ],
      "overall_scores": [
        0.4137118551997073,
        0.4137118551997073,
        0.4137118551997073,
        0.4137118551997073,
        0.4137118551997073
      ]
    },
    "more_similar": {
      "metrics": {
        "Mean": {
          "Coherence": 0.5588672002894841,
          "Distinctiveness": 0.13639855111638705,
          "Diversity": 0.5357175708420303,
          "Semantic Integration": 0.07755156446083518,
          "Overall Score": 0.40076012762292157
        },
        "CV (%)": {
          "Coherence": 0.0,
          "Distinctiveness": 0.0,
          "Diversity": 0.0,
          "Semantic Integration": 0.0,
          "Overall Score": 0.0
        }
      },
      "coherence_scores": [
        0.5588672002894841,
        0.5588672002894841,
        0.5588672002894841,
        0.5588672002894841,
        0.5588672002894841
      ],
      "distinctiveness_scores": [
        0.13639855111638705,
        0.13639855111638705,
        0.13639855111638705,
        0.13639855111638705,
        0.13639855111638705
      ],
      "diversity_scores": [
        0.5357175708420303,
        0.5357175708420303,
        0.5357175708420303,
        0.5357175708420303,
        0.5357175708420303
      ],
      "semantic_integration_scores": [
        0.07755156446083518,
        0.07755156446083518,
        0.07755156446083518,
        0.07755156446083518,
        0.07755156446083518
      ],
      "overall_scores": [
        0.40076012762292157,
        0.40076012762292157,
        0.40076012762292157,
        0.40076012762292157,
        0.40076012762292157
      ]
    }
  },
  "overall_consistency": {
    "Mean": {
      "Coherence": 0.6914277526045782,
      "Distinctiveness": 0.1611097783678108,
      "Diversity": 0.5522712564564324,
      "Semantic Integration": 0.0973131193666776,
      "Overall Score": 0.47093188755357757
    },
    "CV (%)": {
      "Coherence": 3.937164744889313e-15,
      "Distinctiveness": 4.5184965130185504e-15,
      "Diversity": 0.0,
      "Semantic Integration": 0.0,
      "Overall Score": 0.0
    }
  },
  "dataset_comparison": {
    "Distinct": {
      "Coherence": 0.9399513749636681,
      "Distinctiveness": 0.20475524351710367,
      "Diversity": 0.5707972956404538,
      "Semantic Integration": 0.13140786658852235,
      "Overall Score": 0.5983236798381039
    },
    "Similar": {
      "Coherence": 0.5754646825605825,
      "Distinctiveness": 0.14217554046994163,
      "Diversity": 0.550298902886813,
      "Semantic Integration": 0.08297992705067528,
      "Overall Score": 0.4137118551997073
    },
    "More Similar": {
      "Coherence": 0.5588672002894841,
      "Distinctiveness": 0.13639855111638705,
      "Diversity": 0.5357175708420303,
      "Semantic Integration": 0.07755156446083518,
      "Overall Score": 0.40076012762292157
    }
  }
}