{
  "overall_correlation": {
    "pearson": {
      "correlation": 0.8463511710485717,
      "p_value": 0.0005179810248349328
    },
    "spearman": {
      "correlation": 0.7692307692307694,
      "p_value": 0.0034464502618274493
    },
    "kendall": {
      "correlation": 0.5757575757575757,
      "p_value": 0.008757732750788306
    }
  },
  "metric_correlations": {
    "coherence": {
      "correlation": 0.9996150709595413,
      "p_value": 0.017664420372550314
    },
    "distinctiveness": {
      "correlation": 0.24722169615776596,
      "p_value": 0.8409648092228843
    },
    "diversity": {
      "correlation": 0.9144153101871657,
      "p_value": 0.26530189618998984
    },
    "overall_score": {
      "correlation": 0.9707045901534974,
      "p_value": 0.1544759543341351
    }
  },
  "trend_analysis": {
    "coherence": {
      "st_trend": [
        0.6345986640458999,
        0.5856501001196167,
        0.5850362978330528
      ],
      "dl_trend": [
        0.9399513749636681,
        0.5754646825605825,
        0.5588672002894841
      ],
      "st_direction": "decreasing",
      "dl_direction": "decreasing",
      "trend_agreement": true,
      "rank_correlation": 1.0,
      "rank_p_value": 0.0
    },
    "distinctiveness": {
      "st_trend": [
        0.20302489905673077,
        0.16841003425552814,
        0.2120688248816301
      ],
      "dl_trend": [
        0.20475524351710367,
        0.14217554046994163,
        0.13639855111638705
      ],
      "st_direction": "increasing",
      "dl_direction": "decreasing",
      "trend_agreement": false,
      "rank_correlation": -0.5,
      "rank_p_value": 0.6666666666666667
    },
    "diversity": {
      "st_trend": [
        0.7733333333333333,
        0.6266666666666667,
        0.625
      ],
      "dl_trend": [
        0.5707972956404538,
        0.550298902886813,
        0.5357175708420303
      ],
      "st_direction": "decreasing",
      "dl_direction": "decreasing",
      "trend_agreement": true,
      "rank_correlation": 1.0,
      "rank_p_value": 0.0
    },
    "overall_score": {
      "st_trend": [
        0.5328734684066359,
        0.46868139366980016,
        0.4811387963810154
      ],
      "dl_trend": [
        0.5983236798381039,
        0.4137118551997073,
        0.40076012762292157
      ],
      "st_direction": "decreasing",
      "dl_direction": "decreasing",
      "trend_agreement": true,
      "rank_correlation": 0.5,
      "rank_p_value": 0.6666666666666667
    }
  },
  "significance_testing": {
    "paired_ttest": {
      "t_statistic": -0.6385451522563845,
      "p_value": 0.5361871183766492
    },
    "wilcoxon_test": {
      "w_statistic": 19.0,
      "p_value": 0.12939453125
    },
    "mean_difference": -0.022438371141892746,
    "effect_size": -0.1925286074304353
  },
  "consistency_metrics": {
    "mae": 0.08452724894349427,
    "rmse": 0.11868600743928927,
    "mape": 16.651681598945796,
    "agreement_score": 0.5833333333333334
  }
}