{
  "datasets": {
    "distinct": {
      "dl_scores": [
        0.939951374963668,
        0.939951374963668,
        0.939951374963668,
        0.939951374963668,
        0.939951374963668
      ],
      "st_scores": [],
      "llm_scores": {},
      "correlations": {},
      "pairwise_accuracy": {}
    },
    "similar": {
      "dl_scores": [
        0.5754646825605825,
        0.5754646825605825,
        0.5754646825605825,
        0.5754646825605825,
        0.5754646825605825
      ],
      "st_scores": [],
      "llm_scores": {},
      "correlations": {},
      "pairwise_accuracy": {}
    },
    "more_similar": {
      "dl_scores": [
        0.5588672002894841,
        0.5588672002894841,
        0.5588672002894841,
        0.5588672002894841,
        0.5588672002894841
      ],
      "st_scores": [],
      "llm_scores": {},
      "correlations": {},
      "pairwise_accuracy": {}
    }
  },
  "provider_summary": {
    "claude": {
      "avg_dl_spearman": 0.0,
      "avg_st_spearman": 0.0,
      "avg_dl_pairwise": 0.0,
      "avg_st_pairwise": 0.0,
      "datasets_analyzed": 0
    },
    "openai": {
      "avg_dl_spearman": 0.0,
      "avg_st_spearman": 0.0,
      "avg_dl_pairwise": 0.0,
      "avg_st_pairwise": 0.0,
      "datasets_analyzed": 0
    },
    "grok": {
      "avg_dl_spearman": 0.0,
      "avg_st_spearman": 0.0,
      "avg_dl_pairwise": 0.0,
      "avg_st_pairwise": 0.0,
      "datasets_analyzed": 0
    }
  },
  "overall_correlations": {}
}