{
  "dataset": {
    "name": "20 Newsgroups (5 top-level categories)",
    "num_documents": 1000,
    "num_categories": 5,
    "categories": [
      "Computer",
      "Recreation",
      "Science",
      "Politics",
      "ForSale"
    ]
  },
  "model": {
    "type": "CTE Model (Clustering + Topic Extraction)",
    "num_topics": 5,
    "vocabulary_size": 5000,
    "embedding_model": "all-MiniLM-L6-v2"
  },
  "evaluator_info": {
    "method": "OLD (experiments/ folder)",
    "note": "Simple pairwise average for coherence, cosine distance for distinctiveness",
    "topics_source": "Loaded from cte_bbc_results.json (identical to NEW evaluation)"
  },
  "semantic_metrics_old": {
    "coherence": 0.4432756304740906,
    "distinctiveness": 0.6377660036087036,
    "overall_score": 0.5405207872390747,
    "per_topic_coherence": [
      0.3096742033958435,
      0.5331763625144958,
      0.3980262875556946,
      0.5858068466186523,
      0.3896944224834442
    ]
  },
  "semantic_metrics_new": {
    "coherence": 0.5883016228675843,
    "distinctiveness": 0.7464361879229546,
    "overall_score": 0.6515554488897324,
    "per_topic_coherence": [
      0.4702192544937134,
      0.6818618774414062,
      0.5616011023521423,
      0.6645265817642212,
      0.563299298286438
    ]
  },
  "ground_truth": {
    "avg_purity": 0.6894502068323844,
    "per_topic": [
      0.5338645418326693,
      0.8835616438356164,
      0.8275862068965517,
      0.5642458100558659,
      0.6379928315412187
    ]
  },
  "correlations": {
    "old_coherence_vs_purity": {
      "r": 0.23708229367173225,
      "p": 0.7009896317232429
    },
    "new_coherence_vs_purity": {
      "r": 0.4516706830145286,
      "p": 0.0
    }
  },
  "discrimination_power": {
    "old_coherence_range": 0.27613264322280884,
    "new_coherence_range": 0.21164262294769287
  },
  "comparison": {
    "coherence_difference": 0.14502596855163574,
    "distinctiveness_difference": 0.108670175075531,
    "overall_difference": 0.11103469133377075
  },
  "extracted_topics": {
    "topic_0": {
      "keywords": [
        "ethersl.com",
        "x11",
        "devguide",
        "pktmux",
        "xfile",
        "software",
        "microsoft",
        "toolkit",
        "contact:",
        "software?"
      ],
      "purity": 0.5338645418326693,
      "dominant_category": "Computer"
    },
    "topic_1": {
      "keywords": [
        "nhl",
        "canucks",
        "sabres",
        "pitchers",
        "hockey",
        "flyers",
        "mlb",
        "cubs",
        "batting",
        "goaltender"
      ],
      "purity": 0.8835616438356164,
      "dominant_category": "Recreation"
    },
    "topic_2": {
      "keywords": [
        "hardware",
        "motherboard",
        "cd-rom",
        "ram",
        "ms-dos",
        "os/2",
        "toshiba",
        "processor",
        "cd-technology",
        "mhz"
      ],
      "purity": 0.8275862068965517,
      "dominant_category": "Computer"
    },
    "topic_3": {
      "keywords": [
        "vehicle",
        "bmw",
        "cars",
        "honda",
        "mazda",
        "cars.",
        "car",
        "ford",
        "motorcycle",
        "diesel"
      ],
      "purity": 0.5642458100558659,
      "dominant_category": "Recreation"
    },
    "topic_4": {
      "keywords": [
        "law-abiding",
        "genocide,",
        "genocide",
        "zionism",
        "terrorist",
        "justification",
        "aclu",
        "victims",
        "homicides",
        "crimes"
      ],
      "purity": 0.6379928315412187,
      "dominant_category": "Politics"
    }
  }
}