{
  "dataset": {
    "name": "20 Newsgroups (5 top-level categories)",
    "num_documents": 1000,
    "num_categories": 5,
    "categories": [
      "Computer",
      "Recreation",
      "Science",
      "Politics",
      "ForSale"
    ]
  },
  "model": {
    "type": "CTE Model (Clustering + Topic Extraction)",
    "num_topics": 5,
    "vocabulary_size": 5000,
    "embedding_model": "all-MiniLM-L6-v2"
  },
  "evaluator_info": {
    "stat_evaluator": "evaluation.StatEvaluator.TopicModelStatEvaluator",
    "neural_evaluator": "evaluation.NeuralEvaluator.TopicModelNeuralEvaluator",
    "llm_evaluators": [
      "gpt4",
      "claude",
      "grok"
    ],
    "note": "Using CTE model + NEW evaluators + LLM consensus"
  },
  "statistical_metrics": {
    "coherence": 1.6483882016067042,
    "distinctiveness": 0.09656682436658579,
    "overall_score": 1.1828417884346685,
    "per_topic_coherence": [
      1.6483882016067042
    ]
  },
  "semantic_metrics": {
    "coherence": 0.5883016228675843,
    "distinctiveness": 0.7464361879229546,
    "overall_score": 0.6515554488897324,
    "per_topic_coherence": [
      0.4702192544937134,
      0.6818618774414062,
      0.5616011023521423,
      0.6645265817642212,
      0.563299298286438
    ]
  },
  "llm_consensus": {
    "coherence": {
      "mean": 0.73,
      "min": 0.688,
      "max": 0.8039999999999999,
      "std": 0.052484918468705496,
      "individual": {
        "gpt4": 0.688,
        "claude": 0.6980000000000001,
        "grok": 0.8039999999999999
      }
    },
    "distinctiveness": {
      "mean": 0.8833333333333333,
      "min": 0.85,
      "max": 0.95,
      "std": 0.04714045207910316,
      "individual": {
        "gpt4": 0.95,
        "claude": 0.85,
        "grok": 0.85
      }
    },
    "diversity": {
      "mean": 0.8833333333333333,
      "min": 0.78,
      "max": 0.95,
      "std": 0.07408703590297622,
      "individual": {
        "gpt4": 0.92,
        "claude": 0.78,
        "grok": 0.95
      }
    },
    "semantic_integration": {
      "mean": 0.7600000000000001,
      "min": 0.72,
      "max": 0.81,
      "std": 0.03741657386773945,
      "individual": {
        "gpt4": 0.81,
        "claude": 0.72,
        "grok": 0.75
      }
    },
    "overall_score": {
      "mean": 0.8126666666666668,
      "min": 0.7644000000000001,
      "max": 0.8374,
      "std": 0.0341332031247516,
      "individual": {
        "gpt4": 0.8374,
        "claude": 0.7644000000000001,
        "grok": 0.8361999999999999
      }
    }
  },
  "individual_llm_results": {
    "gpt4": {
      "coherence": 0.688,
      "distinctiveness": 0.95,
      "diversity": 0.92,
      "semantic_integration": 0.81,
      "overall_score": 0.8374
    },
    "claude": {
      "coherence": 0.6980000000000001,
      "distinctiveness": 0.85,
      "diversity": 0.78,
      "semantic_integration": 0.72,
      "overall_score": 0.7644000000000001
    },
    "grok": {
      "coherence": 0.8039999999999999,
      "distinctiveness": 0.85,
      "diversity": 0.95,
      "semantic_integration": 0.75,
      "overall_score": 0.8361999999999999
    }
  },
  "ground_truth": {
    "avg_purity": 0.6894502068323844,
    "per_topic": [
      0.5338645418326693,
      0.8835616438356164,
      0.8275862068965517,
      0.5642458100558659,
      0.6379928315412187
    ]
  },
  "correlations": {
    "statistical_vs_purity": {
      "r": 0.0,
      "p": 1.0
    },
    "semantic_vs_purity": {
      "r": 0.0,
      "p": 1.0
    }
  },
  "discrimination_power": {
    "statistical_range": 0.0,
    "semantic_range": 0.0,
    "ratio": 0.0
  },
  "extracted_topics": {
    "topic_0": {
      "keywords": [
        "ethersl.com",
        "x11",
        "devguide",
        "pktmux",
        "xfile",
        "software",
        "microsoft",
        "toolkit",
        "contact:",
        "software?"
      ],
      "purity": 0.5338645418326693,
      "dominant_category": "Computer"
    },
    "topic_1": {
      "keywords": [
        "nhl",
        "canucks",
        "sabres",
        "pitchers",
        "hockey",
        "flyers",
        "mlb",
        "cubs",
        "batting",
        "goaltender"
      ],
      "purity": 0.8835616438356164,
      "dominant_category": "Recreation"
    },
    "topic_2": {
      "keywords": [
        "hardware",
        "motherboard",
        "cd-rom",
        "ram",
        "ms-dos",
        "os/2",
        "toshiba",
        "processor",
        "cd-technology",
        "mhz"
      ],
      "purity": 0.8275862068965517,
      "dominant_category": "Computer"
    },
    "topic_3": {
      "keywords": [
        "vehicle",
        "bmw",
        "cars",
        "honda",
        "mazda",
        "cars.",
        "car",
        "ford",
        "motorcycle",
        "diesel"
      ],
      "purity": 0.5642458100558659,
      "dominant_category": "Recreation"
    },
    "topic_4": {
      "keywords": [
        "law-abiding",
        "genocide,",
        "genocide",
        "zionism",
        "terrorist",
        "justification",
        "aclu",
        "victims",
        "homicides",
        "crimes"
      ],
      "purity": 0.6379928315412187,
      "dominant_category": "Politics"
    }
  }
}