{
  "dataset": {
    "name": "20 Newsgroups (5 top-level categories)",
    "num_documents": 5000,
    "num_categories": 5,
    "categories": [
      "Computer",
      "Recreation",
      "Science",
      "Politics",
      "ForSale"
    ]
  },
  "model": {
    "type": "TF-IDF + K-Means",
    "num_topics": 5,
    "vocabulary_size": 5000
  },
  "evaluator_info": {
    "stat_evaluator": "evaluation.StatEvaluator.TopicModelStatEvaluator",
    "neural_evaluator": "evaluation.NeuralEvaluator.TopicModelNeuralEvaluator",
    "note": "Using NEW simplified evaluators from evaluation/ folder"
  },
  "statistical_metrics": {
    "coherence": 0.6031890609436369,
    "distinctiveness": 0.20423669612264314,
    "overall_score": 0.48350335149733875,
    "per_topic_coherence": [
      0.6031890609436369
    ]
  },
  "semantic_metrics": {
    "coherence": 0.5272885680198669,
    "distinctiveness": 0.45879174208641055,
    "overall_score": 0.49988983764648437,
    "per_topic_coherence": [
      0.47662150859832764,
      0.5141445994377136,
      0.4731266498565674,
      0.5475238561630249,
      0.6250262260437012
    ]
  },
  "ground_truth": {
    "avg_purity": 0.6640324751199881,
    "per_topic": [
      0.2552083333333333,
      0.865874363327674,
      0.7944621938232161,
      0.4551792828685259,
      0.949438202247191
    ]
  },
  "correlations": {
    "statistical_vs_purity": {
      "r": 0.0,
      "p": 1.0
    },
    "semantic_vs_purity": {
      "r": 0.0,
      "p": 1.0
    }
  },
  "discrimination_power": {
    "statistical_range": 0.0,
    "semantic_range": 0.0,
    "ratio": 0.0
  }
}