{
  "distinct_topics": {
    "npmi": 0.6345986639071172,
    "coherence": 0.5968541842204809,
    "diversity": 0.9137931034482758,
    "kld": 0.9504761904761905,
    "jsd": 0.9504761904761905,
    "irbo": 0.9859024397844081,
    "overall_score": 0.8163877582532792
  },
  "similar_topics": {
    "npmi": 0.5856501000685085,
    "coherence": 0.6309207109119597,
    "diversity": 0.8936170212765957,
    "kld": 0.9,
    "jsd": 0.9,
    "irbo": 0.9700375467861905,
    "overall_score": 0.7928623474055115
  },
  "more_similar_topics": {
    "npmi": 0.5850362977866476,
    "coherence": 0.6221299763485976,
    "diversity": 0.9,
    "kld": 0.9008333333333332,
    "jsd": 0.9008333333333335,
    "irbo": 0.9631919842135478,
    "overall_score": 0.7911620524590812
  }
}